running_loss,test_loss,test_accuracy,f1_score
3.6861307120617526,2.9714580683430216,30.87719298245614,0.30158730158730157
